{
    "data": {
        "0": [
            113875.9753678, 
            134.18166703461398, 
            91.0,
        ], 
        "1": [
            113731.0385501, 
            71.623916785127, 
            86.0
        ], 
        "2": [
            113614.1397131, 
            76.707986571158, 
            60.0
        ], 
        "3": [
            113610.8973232, 
            76.740971525119, 
            35.0
        ], 
        "4": [
            113631.61682699999, 
            56.301835225442, 
            53.0
        ], 
        "5": [
            108821.81061069999, 
            99.08168606993, 
            8.0
        ], 
        "6": [
            117089.5499047, 
            103.932441212914, 
            125.0
        ]
    }
}